"id","title","category","tags","filters","template_number","image_url","image_urls","description","location","published","created_at"
"01b16c00-8e84-4705-9a38-fd617c5b9488","121 - Wildflower Garland Cover","funeral","[]","{""style"":[""Floral""],""colour"":[""Natural""]}","121","https://pub-172d7d176e1b4109938fad7b98c20ca7.r2.dev/funeral/121-Wildflower%20Garland%20Cover.jpg",,"A personal cover inspired by wildflower garland, suited to remembering the interests and everyday moments that made their life distinctive.",,"true","2026-09-04 10:58:08.970936+00"
"03d00dc4-5bbf-4d1e-a3a4-006f86e115b6","108 - Journey of Life Cover","funeral","[]","{""style"":[""Traditional""],""colour"":[""Natural""]}","108","https://pub-172d7d176e1b4109938fad7b98c20ca7.r2.dev/funeral/108-Journey%20of%20Life%20Cover.jpg",,"A personal cover inspired by journey of life, suited to remembering the interests and everyday moments that made their life distinctive.",,"true","2026-09-04 10:58:05.27226+00"
"043d6f86-558f-4ba1-b1ff-80cff9908722","196 - Om Shanti Gold Cover","funeral","[]","{""style"":[""Religious""],""colour"":[""Gold""],""religion"":[""Hindu""]}","196","https://pub-172d7d176e1b4109938fad7b98c20ca7.r2.dev/funeral/196-Om%20Shanti%20Gold%20Cover.jpg",,"A gentle religious cover centred on om shanti gold, created for a service where faith and remembrance sit naturally together.",,"true","2026-09-04 10:58:30.381495+00"
"054cf609-f20f-4d94-b27b-42d18546f6f4","111 - Contemporary Portrait Cover","funeral","[]","{""style"":[""Contemporary""],""colour"":[""Natural""]}","111","https://pub-172d7d176e1b4109938fad7b98c20ca7.r2.dev/funeral/111-Contemporary%20Portrait%20Cover.jpg",,"A clean, personal design for contemporary portrait, giving a favourite photograph room to remain the focus of the cover.",,"true","2026-09-04 10:58:06.101282+00"
"06916e88-6dee-401b-bf96-adc81c66a7bd","168 - Lighthouse Path Cover","funeral","[]","{""style"":[""Landscape""],""colour"":[""Blue""]}","168","https://pub-172d7d176e1b4109938fad7b98c20ca7.r2.dev/funeral/168-Lighthouse%20Path%20Cover.jpg",,"A calm design inspired by lighthouse path, bringing a familiar place or view into the service as part of the remembrance.",,"true","2026-09-04 10:58:22.313761+00"
"0ab89236-8f60-4cc9-ac9b-b6938f790fd0","192 - Peaceful Dove Cover","funeral","[]","{""style"":[""Religious""],""colour"":[""White""],""religion"":[""Christian""]}","192","https://pub-172d7d176e1b4109938fad7b98c20ca7.r2.dev/funeral/192-Peaceful%20Dove%20Cover.jpg",,"A gentle religious cover centred on peaceful dove, created for a service where faith and remembrance sit naturally together.",,"true","2026-09-04 10:58:29.241907+00"
"0b128a64-d513-49ce-a628-66370de1aa0c","155 - Spitfire Skies Cover","funeral","[]","{""style"":[""Traditional""],""colour"":[""Natural""]}","155","https://pub-172d7d176e1b4109938fad7b98c20ca7.r2.dev/funeral/155-Spitfire%20Skies%20Cover.jpg",,"A traditional design for spitfire skies, keeping the cover thoughtful, clear and personal.",,"true","2026-09-04 10:58:18.635578+00"
"0ca1f69f-7731-4c56-b779-5ab8030bcce8","117 - Purple Crocus Cover","funeral","[]","{""style"":[""Floral""],""colour"":[""Purple""]}","117","https://pub-172d7d176e1b4109938fad7b98c20ca7.r2.dev/funeral/117-Purple%20Crocus%20Cover.jpg",,"A quietly beautiful floral design built around purple crocus, with a soft, respectful feel for an Order of Service.",,"true","2026-09-04 10:58:07.854514+00"
"0d1b3fb9-9fd8-422d-9ed9-b6b46fe1a9ec","151 - Farmland View Cover","funeral","[]","{""style"":[""Landscape""],""colour"":[""Green""]}","151","https://pub-172d7d176e1b4109938fad7b98c20ca7.r2.dev/funeral/151-Farmland%20View%20Cover.jpg",,"A calm design inspired by farmland view, bringing a familiar place or view into the service as part of the remembrance.",,"true","2026-09-04 10:58:17.505766+00"
"0eb4d547-29f6-4c71-a1e5-ff3fc156f448","014 - Rose Floral Photo Collage Memorial","funeral","[]","{""style"":[""Floral""],""colour"":[""Grey""],""children"":[""Children""]}","014","https://pub-172d7d176e1b4109938fad7b98c20ca7.r2.dev/funeral/Children_s_Cover_Templates14-1788852257607-wpaivk5.jpg",,"A personalised children’s memorial cover for Charlie Edward Mitchell featuring three photographs arranged vertically along the left side, framed by soft pink roses and greenery on a light grey background.",,"true","2026-09-08 07:24:25.902518+00"
"0ebd502a-7da8-4544-9a82-b61424df920a","169 - Blue Ocean Waves Cover","funeral","[]","{""style"":[""Landscape""],""colour"":[""Blue""]}","169","https://pub-172d7d176e1b4109938fad7b98c20ca7.r2.dev/funeral/169-Blue%20Ocean%20Waves%20Cover.jpg",,"A calm design inspired by blue ocean waves, bringing a familiar place or view into the service as part of the remembrance.",,"true","2026-09-04 10:58:22.600834+00"
"1111c8fd-3490-4d04-b4a4-ab9859c838fc","153 - Gardening Tools Cover","funeral","[]","{""style"":[""Hobby""],""colour"":[""Natural""]}","153","https://pub-172d7d176e1b4109938fad7b98c20ca7.r2.dev/funeral/153-Gardening%20Tools%20Cover.jpg",,"A personal cover inspired by gardening tools, suited to remembering the interests and everyday moments that made their life distinctive.",,"true","2026-09-04 10:58:18.075594+00"
"11160cad-68d0-4518-aa0a-d47b7c555a3a","107 - Transparent Photo Overlay Cover","funeral","[]","{""style"":[""Traditional""],""colour"":[""Natural""]}","107","https://pub-172d7d176e1b4109938fad7b98c20ca7.r2.dev/funeral/107-Transparent%20Photo%20Overlay%20Cover.jpg",,"A clean, personal design for transparent photo overlay, giving a favourite photograph room to remain the focus of the cover.",,"true","2026-09-04 10:58:04.995591+00"
"11e4cc33-32b8-4823-866c-43c30ad929a3","132 - Crocus Dawn Cover","funeral","[]","{""style"":[""Floral""],""colour"":[""Purple""]}","132","https://pub-172d7d176e1b4109938fad7b98c20ca7.r2.dev/funeral/132-Crocus%20Dawn%20Cover.jpg",,"A quietly beautiful floral design built around crocus dawn, with a soft, respectful feel for an Order of Service.",,"true","2026-09-04 10:58:12.099023+00"
"146ffe72-5ec0-4914-bbe9-e991694c6d86","163 - Cliff and Sea Cover","funeral","[]","{""style"":[""Landscape""],""colour"":[""Natural""]}","163","https://pub-172d7d176e1b4109938fad7b98c20ca7.r2.dev/funeral/163-Cliff%20and%20Sea%20Cover.jpg",,"A calm design inspired by cliff and sea, bringing a familiar place or view into the service as part of the remembrance.",,"true","2026-09-04 10:58:20.868473+00"
"14dab631-fa28-4769-8121-aeb6230a45bb","199 - Golden Temple Tribute Cover","funeral","[]","{""style"":[""Religious""],""colour"":[""Gold""],""religion"":[""Sikh""]}","199","https://pub-172d7d176e1b4109938fad7b98c20ca7.r2.dev/funeral/199-Golden%20Temple%20Tribute%20Cover.jpg",,"A gentle religious cover centred on golden temple tribute, created for a service where faith and remembrance sit naturally together.",,"true","2026-09-04 10:58:31.254194+00"
"14f4c7a4-1abb-43a8-8d79-9ec7a2ffb07f","007 - Magical Unicorn Memorial","funeral","[]","{""style"":[""Fairytale""],""colour"":[""Pink""],""children"":[""Children""]}","007","https://pub-172d7d176e1b4109938fad7b98c20ca7.r2.dev/funeral/Children_s_Cover_Templates7-1788851679965-4ut0wgy.jpg",,"A colourful fantasy memorial cover featuring Amelia Rose Thompson’s photograph over a glowing pink and purple scene with a large magical unicorn. Sparkling light effects create a bright, whimsical and comforting children’s tribute.",,"true","2026-09-08 07:15:18.326986+00"
"1f2b17a6-b0a6-4f36-a8b7-aacda1b703a5","129 - White Rose Farewell Cover","funeral","[]","{""style"":[""Floral""],""colour"":[""Pink""]}","129","https://pub-172d7d176e1b4109938fad7b98c20ca7.r2.dev/funeral/129-White%20Rose%20Farewell%20Cover.jpg",,"A quietly beautiful floral design built around white rose farewell, with a soft, respectful feel for an Order of Service.",,"true","2026-09-04 10:58:11.205524+00"
"2042435d-f71f-4dc7-83d8-5824d617c7e3","200 - Golden Temple Light Cover","funeral","[]","{""style"":[""Religious""],""colour"":[""Gold""],""religion"":[""Sikh""]}","200","https://pub-172d7d176e1b4109938fad7b98c20ca7.r2.dev/funeral/200-Golden%20Temple%20Light%20Cover.jpg",,"A gentle religious cover centred on golden temple light, created for a service where faith and remembrance sit naturally together.",,"true","2026-09-04 10:58:31.614532+00"
"20dd4994-03e8-49b2-9d13-e967a33819b5","104 - Blue Floral Sketch Cover","funeral","[]","{""style"":[""Floral""],""colour"":[""Blue""]}","104","https://pub-172d7d176e1b4109938fad7b98c20ca7.r2.dev/funeral/104-Blue%20Floral%20Sketch%20Cover.jpg",,"A floral design for blue floral sketch, keeping the cover thoughtful, clear and personal.",,"true","2026-09-04 10:42:38.957215+00"
"2136cf98-6748-4bb4-836e-4bf160a97d86","115 - Daffodil Memory Cover","funeral","[]","{""style"":[""Traditional""],""colour"":[""Natural""]}","115","https://pub-172d7d176e1b4109938fad7b98c20ca7.r2.dev/funeral/115-Daffodil%20Memory%20Cover.jpg",,"A traditional design for daffodil memory, keeping the cover thoughtful, clear and personal.",,"true","2026-09-04 10:58:07.293483+00"
"23cb3304-de8b-4c22-a02a-926971e5609a","180 - Blessed Mother Cover","funeral","[]","{""style"":[""Religious""],""colour"":[""Natural""],""religion"":[""Catholic""]}","180","https://pub-172d7d176e1b4109938fad7b98c20ca7.r2.dev/funeral/180-Blessed%20Mother%20Cover.jpg",,"A gentle religious cover centred on blessed mother, created for a service where faith and remembrance sit naturally together.",,"true","2026-09-04 10:58:25.792326+00"
"258f09c9-13df-4be8-af50-f582afc5519d","008 - A Shining Light, Our Angelic Princess","funeral","[]","{""style"":[""Baby & Angelic""],""colour"":[""Pink""],""children"":[""Children""]}","008","https://pub-172d7d176e1b4109938fad7b98c20ca7.r2.dev/funeral/Children_s_Cover_Templates8-1788851750389-bq6d52t.jpg",,"A soft pastel memorial cover for Evie Mae Harrison featuring her circular photograph, a fairy princess illustration, stars, and a gentle pink-and-blue background. The wording “A Shining Light, Our Angelic Princess” gives the design an uplifting angelic theme.",,"true","2026-09-08 07:16:22.977904+00"
"2687cc4b-e945-422b-8e1b-b4542087b0dc","134 - Pink Tulip Cover","funeral","[]","{""style"":[""Floral""],""colour"":[""Pink""]}","134","https://pub-172d7d176e1b4109938fad7b98c20ca7.r2.dev/funeral/134-Pink%20Tulip%20Cover.jpg",,"A quietly beautiful floral design built around pink tulip, with a soft, respectful feel for an Order of Service.",,"true","2026-09-04 10:58:12.661857+00"
"2ab84384-8103-419e-bf00-e34d6d5fe8ea","005 - A Dreamy Little Life","funeral","[]","{""style"":[""Fairytale""],""colour"":[""Blue""],""children"":[""Children""]}","005","https://pub-172d7d176e1b4109938fad7b98c20ca7.r2.dev/funeral/Children_s_Cover_Templates5-1788850314945-y4mx74i.jpg",,"A dreamy pastel memorial cover featuring Amelia Rose Thompson’s circular photograph against a soft purple-blue sky, glowing stars, and a fairytale castle. The design creates a gentle, magical remembrance theme.",,"true","2026-09-08 06:52:12.248345+00"
"30d8dae1-cccf-4752-ad63-8c7d14c471a1","116 - Poppy Field Tribute Cover","funeral","[]","{""style"":[""Floral""],""colour"":[""Burgundy""]}","116","https://pub-172d7d176e1b4109938fad7b98c20ca7.r2.dev/funeral/116-Poppy%20Field%20Tribute%20Cover.jpg",,"A quietly beautiful floral design built around poppy field tribute, with a soft, respectful feel for an Order of Service.",,"true","2026-09-04 10:58:07.574024+00"
"31d3c964-7b45-4f34-8250-db46f50384c9","109 - Faith Cross Cover","funeral","[]","{""style"":[""Religious""],""colour"":[""Natural""],""religion"":[""Christian""]}","109","https://pub-172d7d176e1b4109938fad7b98c20ca7.r2.dev/funeral/109-Faith%20Cross%20Cover.jpg",,"A gentle religious cover centred on faith cross, created for a service where faith and remembrance sit naturally together.",,"true","2026-09-04 10:58:05.548518+00"
"346f9d17-40fe-4649-8d1f-829571f3f181","154 - Crafting Cover","funeral","[]","{""style"":[""Hobby""],""colour"":[""Blue""]}","154","https://pub-172d7d176e1b4109938fad7b98c20ca7.r2.dev/funeral/154-Crafting%20Cover.jpg",,"A personal cover inspired by crafting, suited to remembering the interests and everyday moments that made their life distinctive.",,"true","2026-09-04 10:58:18.354919+00"
"34a9a5ab-5cb6-441a-8414-f4edf432a8d5","149 - Baking Theme Cover","funeral","[]","{""style"":[""Hobby""],""colour"":[""Natural""]}","149","https://pub-172d7d176e1b4109938fad7b98c20ca7.r2.dev/funeral/149-Baking%20Theme%20Cover.jpg",,"A personal cover inspired by baking theme, suited to remembering the interests and everyday moments that made their life distinctive.",,"true","2026-09-04 10:58:16.949705+00"
"366635c1-8c60-4abc-b73f-cedf05e5e149","102 - Modern Tribute Cover","funeral","[]","{""style"":[""Contemporary""],""colour"":[""Natural""]}","102","https://pub-172d7d176e1b4109938fad7b98c20ca7.r2.dev/funeral/102-Modern%20Tribute%20Cover.jpg",,"A contemporary design for modern tribute, keeping the cover thoughtful, clear and personal.",,"true","2026-09-04 10:58:03.509616+00"
"3ae7e602-e291-42bc-95eb-1943f9b09d67","105 - Vintage Parchment Cover","funeral","[]","{""style"":[""Classic""],""colour"":[""Cream""]}","105","https://pub-172d7d176e1b4109938fad7b98c20ca7.r2.dev/funeral/105-Vintage%20Parchment%20Cover.jpg",,"A classic design for vintage parchment, keeping the cover thoughtful, clear and personal.",,"true","2026-09-04 10:58:04.378099+00"
"3da18d1a-c3bc-4a3d-a650-e249d45aa625","119 - Magnolia Floral Cover","funeral","[]","{""style"":[""Floral""],""colour"":[""Pink""]}","119","https://pub-172d7d176e1b4109938fad7b98c20ca7.r2.dev/funeral/119-Magnolia%20Floral%20Cover.jpg",,"A quietly beautiful floral design built around magnolia floral, with a soft, respectful feel for an Order of Service.",,"true","2026-09-04 10:58:08.41274+00"
"4c611000-a330-4bc3-8fba-1564ca889dd8","190 - Divine Mercy Cover","funeral","[]","{""style"":[""Religious""],""colour"":[""Natural""],""religion"":[""Catholic""]}","190","https://pub-172d7d176e1b4109938fad7b98c20ca7.r2.dev/funeral/190-Divine%20Mercy%20Cover.jpg",,"A gentle religious cover centred on divine mercy, created for a service where faith and remembrance sit naturally together.",,"true","2026-09-04 10:58:28.686362+00"
"4e3f8ff9-7332-4f01-9c01-642a012ae15e","140 - UK's Favourite Train Cover","funeral","[]","{""style"":[""Hobby""],""colour"":[""Natural""]}","140","https://pub-172d7d176e1b4109938fad7b98c20ca7.r2.dev/funeral/140-UK's%20Favourite%20Train%20Cover.jpg",,"A traditional design for uk's favourite train, keeping the cover thoughtful, clear and personal.",,"true","2026-09-04 10:58:14.380019+00"
"4e8f5fc9-9c14-4207-9cca-ac5d510845c1","172 - Colourful Beach Huts Cover","funeral","[]","{""style"":[""Landscape""],""colour"":[""Blue""]}","172","https://pub-172d7d176e1b4109938fad7b98c20ca7.r2.dev/funeral/172-Colourful%20Beach%20Huts%20Cover.jpg",,"A calm design inspired by colourful beach huts, bringing a familiar place or view into the service as part of the remembrance.",,"true","2026-09-04 10:58:23.464257+00"
"4fe4ddf7-809b-45c8-a0af-c7a3ef3ee641","185 - Vintage Madonna Cover","funeral","[]","{""style"":[""Religious""],""colour"":[""Natural""],""religion"":[""Catholic""]}","185","https://pub-172d7d176e1b4109938fad7b98c20ca7.r2.dev/funeral/185-Vintage%20Madonna%20Cover.jpg",,"A gentle religious cover centred on vintage madonna, created for a service where faith and remembrance sit naturally together.",,"true","2026-09-04 10:58:27.255428+00"
"50e15099-644b-4b46-a45f-998b47045775","178 - Immaculate Heart Cover","funeral","[]","{""style"":[""Religious""],""colour"":[""Natural""],""religion"":[""Catholic""]}","178","https://pub-172d7d176e1b4109938fad7b98c20ca7.r2.dev/funeral/178-Immaculate%20Heart%20Cover.jpg",,"A gentle religious cover centred on immaculate heart, created for a service where faith and remembrance sit naturally together.",,"true","2026-09-04 10:58:25.236028+00"
"51eadc6d-d0ad-4196-ac01-7f1f21009beb","197 - Om Shanti Leaf Arch Cover","funeral","[]","{""style"":[""Religious""],""colour"":[""Green""],""religion"":[""Hindu""]}","197","https://pub-172d7d176e1b4109938fad7b98c20ca7.r2.dev/funeral/197-Om%20Shanti%20Leaf%20Arch%20Cover.jpg",,"A gentle religious cover centred on om shanti leaf arch, created for a service where faith and remembrance sit naturally together.",,"true","2026-09-04 10:58:30.689503+00"
"5336f77c-c4d1-4587-946e-f182a97c11fb","004 -	Pink Teddy Bear & Cloud Memorial","funeral","[]","{""style"":[""Baby & Angelic""],""colour"":[""Pink""],""children"":[""Children""]}","004","https://pub-172d7d176e1b4109938fad7b98c20ca7.r2.dev/funeral/Children_s_Cover_Templates4-1788850238311-r1x6dfi.jpg",,"A playful pink memorial design featuring a sleeping baby in a circular photograph, a large pink teddy bear sitting on soft clouds, stars, and a crescent moon. Ethan James Miller’s name and dates appear on the cloud-shaped lower section.",,"true","2026-09-08 06:51:11.208928+00"
"539affaf-ef4a-4df7-8d06-19a96ffe39ab","171 - Seaside Holiday Cover","funeral","[]","{""style"":[""Landscape""],""colour"":[""Blue""]}","171","https://pub-172d7d176e1b4109938fad7b98c20ca7.r2.dev/funeral/171-Seaside%20Holiday%20Cover.jpg",,"A personal cover inspired by seaside holiday, suited to remembering the interests and everyday moments that made their life distinctive.",,"true","2026-09-04 10:58:23.188173+00"
"5579b5ef-a9ca-4279-a5d7-1919c76cbf7a","101 - Elegant Simplicity Cover","funeral","[]","{""style"":[""Traditional""],""colour"":[""Natural""]}","101","https://pub-172d7d176e1b4109938fad7b98c20ca7.r2.dev/funeral/101-Elegant%20Simplicity%20Cover.jpg",,"A traditional design for elegant simplicity, keeping the cover thoughtful, clear and personal.",,"true","2026-09-04 10:58:03.228742+00"
"586a8b27-48df-4b57-838e-db2193be8cd4","125 - Freesia Meadow Cover","funeral","[]","{""style"":[""Floral""],""colour"":[""Green""]}","125","https://pub-172d7d176e1b4109938fad7b98c20ca7.r2.dev/funeral/125-Freesia%20Meadow%20Cover.jpg",,"A personal cover inspired by freesia meadow, suited to remembering the interests and everyday moments that made their life distinctive.",,"true","2026-09-04 10:58:10.088261+00"
"5899c2b0-4c12-49d7-8b39-2c064b3a9452","128 - Daffodil Bouquet Cover","funeral","[]","{""style"":[""Traditional""],""colour"":[""Natural""]}","128","https://pub-172d7d176e1b4109938fad7b98c20ca7.r2.dev/funeral/128-Daffodil%20Bouquet%20Cover.jpg",,"A traditional design for daffodil bouquet, keeping the cover thoughtful, clear and personal.",,"true","2026-09-04 10:58:10.927998+00"
"5d88c51f-57a4-49fd-89b3-0fbd0b98fac7","186 - Rosary Blessing Cover","funeral","[]","{""style"":[""Religious""],""colour"":[""Natural""],""religion"":[""Catholic""]}","186","https://pub-172d7d176e1b4109938fad7b98c20ca7.r2.dev/funeral/186-Rosary%20Blessing%20Cover.jpg",,"A gentle religious cover centred on rosary blessing, created for a service where faith and remembrance sit naturally together.",,"true","2026-09-04 10:58:27.53641+00"
"5e18f919-e8a3-47ed-89a6-480082102bbe","009 - With Love, We Remember – Game Theme","funeral","[]","{""style"":[""Sports""],""colour"":[""Natural""],""children"":[""Children""]}","009","https://pub-172d7d176e1b4109938fad7b98c20ca7.r2.dev/funeral/Children_s_Cover_Templates9-1788851853930-yzyq7og.jpg",,"A children’s memorial cover for Ethan James Miller featuring a circular baby photograph over a soft game-controller background and colourful alphabet blocks spelling GAME. The design combines remembrance with a playful gaming theme.",,"true","2026-09-08 07:18:15.489018+00"
"5e23b2a2-b8a8-4fee-a3b5-d4ef531afe48","177 - Heavenly Light Cover","funeral","[]","{""style"":[""Religious""],""colour"":[""Natural""],""religion"":[""Christian""]}","177","https://pub-172d7d176e1b4109938fad7b98c20ca7.r2.dev/funeral/177-Heavenly%20Light%20Cover.jpg",,"A gentle religious cover centred on heavenly light, created for a service where faith and remembrance sit naturally together.",,"true","2026-09-04 10:58:24.956618+00"
"5e6cdf8f-0418-4762-be66-7e7569e424d7","131 - Violet Bouquet Cover","funeral","[]","{""style"":[""Traditional""],""colour"":[""Purple""]}","131","https://pub-172d7d176e1b4109938fad7b98c20ca7.r2.dev/funeral/131-Violet%20Bouquet%20Cover.jpg",,"A traditional design for violet bouquet, keeping the cover thoughtful, clear and personal.",,"true","2026-09-04 10:58:11.817724+00"
"60d763da-4f22-457e-98d9-4c25d4884f08","106 - Full Photo Tribute Cover","funeral","[]","{""style"":[""Traditional""],""colour"":[""Natural""]}","106","https://pub-172d7d176e1b4109938fad7b98c20ca7.r2.dev/funeral/106-Full%20Photo%20Tribute%20Cover.jpg",,"A clean, personal design for full photo tribute, giving a favourite photograph room to remain the focus of the cover.",,"true","2026-09-04 10:58:04.714314+00"
"61a62723-5820-46b8-a0c2-3b7fb39faf43","173 - Golden Wheat Field Cover","funeral","[]","{""style"":[""Landscape""],""colour"":[""Gold""]}","173","https://pub-172d7d176e1b4109938fad7b98c20ca7.r2.dev/funeral/173-Golden%20Wheat%20Field%20Cover.jpg",,"A calm design inspired by golden wheat field, bringing a familiar place or view into the service as part of the remembrance.",,"true","2026-09-04 10:58:23.742197+00"
"65f25c1e-c9cc-4131-ad4e-801dcc6698f3","159 - Woodland Light Cover","funeral","[]","{""style"":[""Landscape""],""colour"":[""Green""]}","159","https://pub-172d7d176e1b4109938fad7b98c20ca7.r2.dev/funeral/159-Woodland%20Light%20Cover.jpg",,"A calm design inspired by woodland light, bringing a familiar place or view into the service as part of the remembrance.",,"true","2026-09-04 10:58:19.753245+00"
"6813ec06-f312-45ee-ba6c-0148b33bd971","103 - Classic Gold Accent Cover","funeral","[]","{""style"":[""Classic""],""colour"":[""Gold""]}","103","https://pub-172d7d176e1b4109938fad7b98c20ca7.r2.dev/funeral/103-Classic%20Gold%20Accent%20Cover.jpg",,"A classic design for classic gold accent, keeping the cover thoughtful, clear and personal.",,"true","2026-09-04 10:58:03.786617+00"
"707705cf-b99e-4d5b-8ed1-acdf9b92c2b5","176 - Irish Blessing Cover","funeral","[]","{""style"":[""Floral""],""colour"":[""Purple""],""religion"":[""Christian""]}","176","https://pub-172d7d176e1b4109938fad7b98c20ca7.r2.dev/funeral/176-Irish%20Blessing%20Cover.jpg",,"A gentle floral cover centred on irish blessing, created for a service where faith and remembrance sit naturally together.",,"true","2026-09-04 10:58:24.662045+00"
"7088687f-29f1-44cb-aeb6-f6fb8705ccee","183 - Stairway to Heaven Cover","funeral","[]","{""style"":[""Religious""],""colour"":[""Natural""],""religion"":[""Christian""]}","183","https://pub-172d7d176e1b4109938fad7b98c20ca7.r2.dev/funeral/183-Stairway%20to%20Heaven%20Cover.jpg",,"A gentle religious cover centred on stairway to heaven, created for a service where faith and remembrance sit naturally together.",,"true","2026-09-04 10:58:26.69628+00"
"73246212-fb8e-4919-9166-f378fd211cc1","161 - Tropical Retreat Cover","funeral","[]","{""style"":[""Landscape""],""colour"":[""Natural""]}","161","https://pub-172d7d176e1b4109938fad7b98c20ca7.r2.dev/funeral/161-Tropical%20Retreat%20Cover.jpg",,"A landscape design for tropical retreat, keeping the cover thoughtful, clear and personal.",,"true","2026-09-04 10:58:20.3124+00"
"73d36d7c-f394-4743-b669-0eb86e41e53f","110 - Photo Collage Cover","funeral","[]","{""style"":[""Traditional""],""colour"":[""Natural""]}","110","https://pub-172d7d176e1b4109938fad7b98c20ca7.r2.dev/funeral/110-Photo%20Collage%20Cover.jpg",,"A clean, personal design for photo collage, giving a favourite photograph room to remain the focus of the cover.",,"true","2026-09-04 10:58:05.824501+00"
"751b1e85-90f5-42e7-bc17-f00aacd43583","001 - Forever Cherished – Our Precious Little One","funeral","[]","{""style"":[""Infant Memorial""],""colour"":[""Pink""],""children"":[""Children""]}","001","https://pub-172d7d176e1b4109938fad7b98c20ca7.r2.dev/funeral/Children_s_Cover_Templates-1788797765922-vbc6wtn.jpg",,"A tender pink memorial cover for a precious little one, featuring a sleeping baby photograph, soft stitched-style pink background and delicate typography. The cover reads “Forever Cherished, Our Precious Little One” and honours Ethan James Miller.",,"true","2026-09-07 16:16:17.941903+00"
"75aca9c1-e0cb-41de-b89b-c6d272b5787f","118 - Rustic Rose Cover","funeral","[]","{""style"":[""Floral""],""colour"":[""Pink""]}","118","https://pub-172d7d176e1b4109938fad7b98c20ca7.r2.dev/funeral/118-Rustic%20Rose%20Cover.jpg",,"A quietly beautiful floral design built around rustic rose, with a soft, respectful feel for an Order of Service.",,"true","2026-09-04 10:58:08.133643+00"
"760581d8-a85e-4b39-9be3-b37e09ebc225","146 - Sewing Theme Cover","funeral","[]","{""style"":[""Hobby""],""colour"":[""Natural""]}","146","https://pub-172d7d176e1b4109938fad7b98c20ca7.r2.dev/funeral/146-Sewing%20Theme%20Cover.jpg",,"A personal cover inspired by sewing theme, suited to remembering the interests and everyday moments that made their life distinctive.",,"true","2026-09-04 10:58:16.115562+00"
"791ec36b-4aee-449c-994b-2548d70cd339","182 - Hilltop Cross Cover","funeral","[]","{""style"":[""Religious""],""colour"":[""Natural""],""religion"":[""Christian""]}","182","https://pub-172d7d176e1b4109938fad7b98c20ca7.r2.dev/funeral/182-Hilltop%20Cross%20Cover.jpg",,"A gentle religious cover centred on hilltop cross, created for a service where faith and remembrance sit naturally together.",,"true","2026-09-04 10:58:26.346889+00"
"7c519bd4-da4d-4abd-ae3f-579b7e799dd5","137 - Woodland Leaf Frame Cover","funeral","[]","{""style"":[""Traditional""],""colour"":[""Green""]}","137","https://pub-172d7d176e1b4109938fad7b98c20ca7.r2.dev/funeral/137-Woodland%20Leaf%20Frame%20Cover.jpg",,"A calm design inspired by woodland leaf frame, bringing a familiar place or view into the service as part of the remembrance.",,"true","2026-09-04 10:58:13.492392+00"
"7d01caa8-fbcf-4e8a-933d-13069704a95c","160 - Rolling Hills Cover","funeral","[]","{""style"":[""Landscape""],""colour"":[""Natural""]}","160","https://pub-172d7d176e1b4109938fad7b98c20ca7.r2.dev/funeral/160-Rolling%20Hills%20Cover.jpg",,"A calm design inspired by rolling hills, bringing a familiar place or view into the service as part of the remembrance.",,"true","2026-09-04 10:58:20.034321+00"
"875f4a93-ff26-4306-9cfc-caac9528af8a","011 - In Loving Memory – Cosmic Landscape","funeral","[]","{""style"":[""Space Adventure""],""colour"":[""Green""],""children"":[""Children""]}","011","https://pub-172d7d176e1b4109938fad7b98c20ca7.r2.dev/funeral/Children_s_Cover_Templates11-1788852033152-ootlf3k.jpg",,"A colorful sci-fi-inspired memorial cover for Isla Grace Williams featuring her photograph against a star-filled teal sky and an imaginative orange planetary landscape with futuristic structures.",,"true","2026-09-08 07:21:18.131669+00"
"88211d67-f5a0-4d73-b87f-f36dfa32b4e9","015 -	Football Stadium Memorial","funeral","[]","{""style"":[""Sports""],""colour"":[""Green""],""children"":[""Children""]}","015","https://pub-172d7d176e1b4109938fad7b98c20ca7.r2.dev/funeral/Children_s_Cover_Templates15-1788852312112-1h82dr8.jpg",,"A football-themed children’s memorial cover for Charlie Edward Mitchell featuring his photograph, a football pitch and stadium background, and a football in the foreground. A fitting design for a young person who loved football.",,"true","2026-09-08 07:25:21.141882+00"
"8bfd1997-3384-4ada-bcf6-8b0256b29ec7","189 - Guardian Angel Cover","funeral","[]","{""style"":[""Religious""],""colour"":[""Natural""],""religion"":[""Catholic""]}","189","https://pub-172d7d176e1b4109938fad7b98c20ca7.r2.dev/funeral/189-Guardian%20Angel%20Cover.jpg",,"A gentle religious cover centred on guardian angel, created for a service where faith and remembrance sit naturally together.",,"true","2026-09-04 10:58:28.408103+00"
"8d7f3edb-45c1-4621-9605-01c008e4eeff","013 - Under the Sea Mermaid Memorial","funeral","[]","{""style"":[""Ocean""],""colour"":[""Blue""],""children"":[""Children""]}","013","https://pub-172d7d176e1b4109938fad7b98c20ca7.r2.dev/funeral/Children_s_Cover_Templates13-1788852173394-fznvr7t.jpg",,"A vibrant underwater memorial cover for Amelia Rose Thompson featuring her photograph above a colorful coral reef scene with a mermaid, fish, shells, and sea plants. The design creates a playful ocean-inspired tribute.",,"true","2026-09-08 07:23:34.077756+00"
"90caeb23-abc7-4d06-9ed7-3ce147e3f0c4","143 - Sunset Chairs Cover","funeral","[]","{""style"":[""Landscape""],""colour"":[""Natural""]}","143","https://pub-172d7d176e1b4109938fad7b98c20ca7.r2.dev/funeral/143-Sunset%20Chairs%20Cover.jpg",,"A calm design inspired by sunset chairs, bringing a familiar place or view into the service as part of the remembrance.",,"true","2026-09-04 10:58:15.219075+00"
"91444686-6583-4737-9672-4404c8a99df2","152 - Horse Racing Cover","funeral","[]","{""style"":[""Hobby""],""colour"":[""Natural""]}","152","https://pub-172d7d176e1b4109938fad7b98c20ca7.r2.dev/funeral/152-Horse%20Racing%20Cover.jpg",,"A personal cover inspired by horse racing, suited to remembering the interests and everyday moments that made their life distinctive.",,"true","2026-09-04 10:58:17.797817+00"
"991b4e35-b341-438b-b132-f4fe2287ebe8","150 - Vintage Sheet Music Cover","funeral","[]","{""style"":[""Classic""],""colour"":[""Brown""]}","150","https://pub-172d7d176e1b4109938fad7b98c20ca7.r2.dev/funeral/150-Vintage%20Sheet%20Music%20Cover.jpg",,"A personal cover inspired by vintage sheet music, suited to remembering the interests and everyday moments that made their life distinctive.",,"true","2026-09-04 10:58:17.225003+00"
"9c00ae72-dccd-443a-952b-8716f9179bf8","123 - Purple Blossom Cover","funeral","[]","{""style"":[""Floral""],""colour"":[""Purple""]}","123","https://pub-172d7d176e1b4109938fad7b98c20ca7.r2.dev/funeral/123-Purple%20Blossom%20Cover.jpg",,"A quietly beautiful floral design built around purple blossom, with a soft, respectful feel for an Order of Service.",,"true","2026-09-04 10:58:09.532218+00"
"9d54bea2-7f9b-4d4d-bedc-95e60cdd540a","006 - A Precious Life, Forever Treasured","funeral","[]","{""style"":[""Classic""],""colour"":[""Natural""],""children"":[""Children""]}","006","https://pub-172d7d176e1b4109938fad7b98c20ca7.r2.dev/wedding/Children_s_Cover_Templates6-1788850341383-momw1v5.jpg",,"A warm cream memorial cover featuring Amelia Rose Thompson’s photograph, delicate circular decorative elements and a small Winnie-the-Pooh-style bear illustration at the bottom. The wording “A Precious Life, Forever Treasured” gives the design a gentle and timeless feel.",,"true","2026-09-08 06:54:17.663413+00"
"a24a3e26-d278-45d7-bf1e-9da6f66f42b7","162 - Coastal Walk Cover","funeral","[]","{""style"":[""Landscape""],""colour"":[""Natural""]}","162","https://pub-172d7d176e1b4109938fad7b98c20ca7.r2.dev/funeral/162-Coastal%20Walk%20Cover.jpg",,"A personal cover inspired by coastal walk, suited to remembering the interests and everyday moments that made their life distinctive.",,"true","2026-09-04 10:58:20.592031+00"
"a439bd6b-d0f7-4a85-b7fc-6d801f91f318","003 - In Loving Memory of Our Beautiful Little Girl","funeral","[]","{""style"":[""Baby & Angelic""],""colour"":[""Pink""],""children"":[""Children""]}","003","https://pub-172d7d176e1b4109938fad7b98c20ca7.r2.dev/funeral/Children_s_Cover_Templates3-1788849744907-00ymx43.jpg",,"A soft pink children’s memorial cover featuring a teddy bear with a pink bow, star details, and a rosary style background. The design uses the wording “In Loving Memory of Our Beautiful Little Girl” and is shown for Ethan James Miller.",,"true","2026-09-08 06:50:06.164254+00"
"a5fdbf05-9e4f-44e2-8814-25128a0a7e90","124 - Autumn Leaves Cover","funeral","[]","{""style"":[""Traditional""],""colour"":[""Natural""]}","124","https://pub-172d7d176e1b4109938fad7b98c20ca7.r2.dev/funeral/124-Autumn%20Leaves%20Cover.jpg",,"A traditional design for autumn leaves, keeping the cover thoughtful, clear and personal.",,"true","2026-09-04 10:58:09.808824+00"
"a5ffeec8-4e4c-47eb-825c-5aeb3be5a7a5","142 - Rugby Spirit Cover","funeral","[]","{""style"":[""Hobby""],""colour"":[""Natural""]}","142","https://pub-172d7d176e1b4109938fad7b98c20ca7.r2.dev/funeral/142-Rugby%20Spirit%20Cover.jpg",,"A personal cover inspired by rugby spirit, suited to remembering the interests and everyday moments that made their life distinctive.",,"true","2026-09-04 10:58:14.940444+00"
"a6fc37a7-8587-49ac-9982-3b75419ebbea","122 - Soft Meadow Cover","funeral","[]","{""style"":[""Traditional""],""colour"":[""Green""]}","122","https://pub-172d7d176e1b4109938fad7b98c20ca7.r2.dev/funeral/122-Soft%20Meadow%20Cover.jpg",,"A personal cover inspired by soft meadow, suited to remembering the interests and everyday moments that made their life distinctive.",,"true","2026-09-04 10:58:09.25299+00"
"ac102cec-cc02-4bc9-ac8c-403560ad06bf","144 - Lawn Bowls Tribute Cover","funeral","[]","{""style"":[""Hobby""],""colour"":[""Natural""]}","144","https://pub-172d7d176e1b4109938fad7b98c20ca7.r2.dev/funeral/144-Lawn%20Bowls%20Tribute%20Cover.jpg",,"A personal cover inspired by lawn bowls tribute, suited to remembering the interests and everyday moments that made their life distinctive.",,"true","2026-09-04 10:58:15.497182+00"
"acc6601c-5fce-4a3d-b299-4ae92430948d","167 - Coastal Hills Cover","funeral","[]","{""style"":[""Landscape""],""colour"":[""Blue""]}","167","https://pub-172d7d176e1b4109938fad7b98c20ca7.r2.dev/funeral/167-Coastal%20Hills%20Cover.jpg",,"A calm design inspired by coastal hills, bringing a familiar place or view into the service as part of the remembrance.",,"true","2026-09-04 10:58:22.031895+00"
"af3542f9-bc5b-48ad-87a1-962821f86ed1","175 - Celtic Cross Cover","funeral","[]","{""style"":[""Religious""],""colour"":[""Natural""],""religion"":[""Christian""]}","175","https://pub-172d7d176e1b4109938fad7b98c20ca7.r2.dev/funeral/175-Celtic%20Cross%20Cover.jpg",,"A gentle religious cover centred on celtic cross, created for a service where faith and remembrance sit naturally together.",,"true","2026-09-04 10:58:24.304137+00"
"afdd0ba4-0548-4ea5-9367-65a7cdb30329","120 - Dandelion Breeze Cover","funeral","[]","{""style"":[""Floral""],""colour"":[""Natural""]}","120","https://pub-172d7d176e1b4109938fad7b98c20ca7.r2.dev/funeral/120-Dandelion%20Breeze%20Cover.jpg",,"A quietly beautiful floral design built around dandelion breeze, with a soft, respectful feel for an Order of Service.",,"true","2026-09-04 10:58:08.69106+00"
"b392132d-dd6f-4705-b14d-fd942076adc2","164 - Tractor Farming Cover","funeral","[]","{""style"":[""Landscape""],""colour"":[""Natural""]}","164","https://pub-172d7d176e1b4109938fad7b98c20ca7.r2.dev/funeral/164-Tractor%20Farming%20Cover.jpg",,"A landscape design for tractor farming, keeping the cover thoughtful, clear and personal.",,"true","2026-09-04 10:58:21.15125+00"
"b3e9e5bc-c4c3-473c-a8db-6188c5e97d26","157 - Classic Car Journey Cover","funeral","[]","{""style"":[""Classic""],""colour"":[""Green""]}","157","https://pub-172d7d176e1b4109938fad7b98c20ca7.r2.dev/funeral/157-Classic%20Car%20Journey%20Cover.jpg",,"A personal cover inspired by classic car journey, suited to remembering the interests and everyday moments that made their life distinctive.",,"true","2026-09-04 10:58:19.194348+00"
"b6046ff4-4f2d-49b1-8c83-9e263f6a5bc4","166 - Wooden Gate in Countryside Cover","funeral","[]","{""style"":[""Landscape""],""colour"":[""Green""]}","166","https://pub-172d7d176e1b4109938fad7b98c20ca7.r2.dev/funeral/166-Wooden%20Gate%20in%20Countryside%20Cover.jpg",,"A calm design inspired by wooden gate in countryside, bringing a familiar place or view into the service as part of the remembrance.",,"true","2026-09-04 10:58:21.75332+00"
"b60f7293-72e6-4d03-bb52-e579d179f1bf","113 - Single Rose Remembrance Cover","funeral","[]","{""style"":[""Floral""],""colour"":[""Pink""]}","113","https://pub-172d7d176e1b4109938fad7b98c20ca7.r2.dev/funeral/113-Single%20Rose%20Remembrance%20Cover.jpg",,"A quietly beautiful floral design built around single rose remembrance, with a soft, respectful feel for an Order of Service.",,"true","2026-09-04 10:58:06.658999+00"
"b6bb1698-a08f-4369-8294-0bcea4143ae4","130 - Freesia Farewell Cover","funeral","[]","{""style"":[""Floral""],""colour"":[""Natural""]}","130","https://pub-172d7d176e1b4109938fad7b98c20ca7.r2.dev/funeral/130-Freesia%20Farewell%20Cover.jpg",,"A quietly beautiful floral design built around freesia farewell, with a soft, respectful feel for an Order of Service.",,"true","2026-09-04 10:58:11.539696+00"
"ba2b6bee-d77e-4b82-9fd7-e9349f7ede47","198 - Khanda Blessing Cover","funeral","[]","{""style"":[""Religious""],""colour"":[""Natural""],""religion"":[""Sikh""]}","198","https://pub-172d7d176e1b4109938fad7b98c20ca7.r2.dev/funeral/198-Khanda%20Blessing%20Cover.jpg",,"A gentle religious cover centred on khanda blessing, created for a service where faith and remembrance sit naturally together.",,"true","2026-09-04 10:58:30.967671+00"
"bbbc668f-2980-4fed-97fe-fbfa8b50c64e","141 - Golf Memory Cover","funeral","[]","{""style"":[""Hobby""],""colour"":[""Natural""]}","141","https://pub-172d7d176e1b4109938fad7b98c20ca7.r2.dev/funeral/141-Golf%20Memory%20Cover.jpg",,"A personal cover inspired by golf memory, suited to remembering the interests and everyday moments that made their life distinctive.",,"true","2026-09-04 10:58:14.660165+00"
"bbbe0a71-73e8-4ea7-8567-24c4ab85cb22","112 - Golden Ornate Cover","funeral","[]","{""style"":[""Classic""],""colour"":[""Gold""]}","112","https://pub-172d7d176e1b4109938fad7b98c20ca7.r2.dev/funeral/112-Golden%20Ornate%20Cover.jpg",,"A classic design for golden ornate, keeping the cover thoughtful, clear and personal.",,"true","2026-09-04 10:58:06.381516+00"
"bfce16de-a7a3-4da7-81f9-5fc2f87ec4a9","114 - Lavender Fields Cover","funeral","[]","{""style"":[""Floral""],""colour"":[""Purple""]}","114","https://pub-172d7d176e1b4109938fad7b98c20ca7.r2.dev/funeral/114-Lavender%20Fields%20Cover.jpg",,"A quietly beautiful floral design built around lavender fields, with a soft, respectful feel for an Order of Service.",,"true","2026-09-04 10:58:07.014482+00"
"c0a77a39-6fe9-418c-9b98-514197d3904b","148 - Bingo Memories Cover","funeral","[]","{""style"":[""Hobby""],""colour"":[""Natural""]}","148","https://pub-172d7d176e1b4109938fad7b98c20ca7.r2.dev/funeral/148-Bingo%20Memories%20Cover.jpg",,"A traditional design for bingo memories, keeping the cover thoughtful, clear and personal.",,"true","2026-09-04 10:58:16.673908+00"
"c0e9b6c3-1559-4bb0-b5df-bf87db279597","138 - Fishing Memory Cover","funeral","[]","{""style"":[""Hobby""],""colour"":[""Natural""]}","138","https://pub-172d7d176e1b4109938fad7b98c20ca7.r2.dev/funeral/138-Fishing%20Memory%20Cover.jpg",,"A personal cover inspired by fishing memory, suited to remembering the interests and everyday moments that made their life distinctive.",,"true","2026-09-04 10:58:13.792612+00"
"c23d9d13-b3ef-4f13-92f4-a2cd1fd7acd8","193 - Om Shanti Radiance Cover","funeral","[]","{""style"":[""Religious""],""colour"":[""Natural""],""religion"":[""Hindu""]}","193","https://pub-172d7d176e1b4109938fad7b98c20ca7.r2.dev/funeral/193-Om%20Shanti%20Radiance%20Cover.jpg",,"A gentle religious cover centred on om shanti radiance, created for a service where faith and remembrance sit naturally together.",,"true","2026-09-04 10:58:29.518911+00"
"c36e8543-2466-42e3-bd24-7ad125470c35","195 - Om Shanti Wildflower Cover","funeral","[]","{""style"":[""Floral""],""colour"":[""Natural""],""religion"":[""Hindu""]}","195","https://pub-172d7d176e1b4109938fad7b98c20ca7.r2.dev/funeral/195-Om%20Shanti%20Wildflower%20Cover.jpg",,"A gentle floral cover centred on om shanti wildflower, created for a service where faith and remembrance sit naturally together.",,"true","2026-09-04 10:58:30.101453+00"
"c57a0c14-54ba-4823-a868-b3a2e8a94234","158 - Motorbike Speed Cover","funeral","[]","{""style"":[""Hobby""],""colour"":[""Natural""]}","158","https://pub-172d7d176e1b4109938fad7b98c20ca7.r2.dev/funeral/158-Motorbike%20Speed%20Cover.jpg",,"A personal cover inspired by motorbike speed, suited to remembering the interests and everyday moments that made their life distinctive.",,"true","2026-09-04 10:58:19.474178+00"
"c657c4e1-b0f0-44d3-94ec-b98e9034171f","136 - Tulip Celebration Cover","funeral","[]","{""style"":[""Floral""],""colour"":[""Natural""]}","136","https://pub-172d7d176e1b4109938fad7b98c20ca7.r2.dev/funeral/136-Tulip%20Celebration%20Cover.jpg",,"A quietly beautiful floral design built around tulip celebration, with a soft, respectful feel for an Order of Service.",,"true","2026-09-04 10:58:13.216847+00"
"c89351de-e4f1-4854-98c0-c7a1373fe624","181 - Celtic Knot Cover","funeral","[]","{""style"":[""Religious""],""colour"":[""Natural""],""religion"":[""Christian""]}","181","https://pub-172d7d176e1b4109938fad7b98c20ca7.r2.dev/funeral/181-Celtic%20Knot%20Cover.jpg",,"A gentle religious cover centred on celtic knot, created for a service where faith and remembrance sit naturally together.",,"true","2026-09-04 10:58:26.069422+00"
"cabf9582-2b67-40fc-8d65-03c5d11f91ca","139 - Football Tribute Cover","funeral","[]","{""style"":[""Hobby""],""colour"":[""Natural""]}","139","https://pub-172d7d176e1b4109938fad7b98c20ca7.r2.dev/funeral/139-Football%20Tribute%20Cover.jpg",,"A personal cover inspired by football tribute, suited to remembering the interests and everyday moments that made their life distinctive.",,"true","2026-09-04 10:58:14.103942+00"
"d47eca37-b0eb-4b93-8a5a-9df9fe465c2c","010 - In Loving Memory – Space Adventure","funeral","[]","{""style"":[""Space Adventure""],""colour"":[""Blue""],""children"":[""Children""]}","010","https://pub-172d7d176e1b4109938fad7b98c20ca7.r2.dev/funeral/Children_s_Cover_Templates10-1788851977374-0unb0my.jpg",,"A dramatic children’s memorial cover for Ethan James Miller featuring a sleeping baby photograph over a cosmic space scene with stars, planets, and a futuristic astronaut-style character. The design creates an imaginative space-adventure tribute.",,"true","2026-09-08 07:19:56.252874+00"
"d9dc10fe-dc78-467f-a5c6-9d9bf009acff","1001 - Floral Black Band Wedding Invitation","wedding","[]","{""style"":[""Floral""],""colour"":[""Natural""]}","1001","https://pub-172d7d176e1b4109938fad7b98c20ca7.r2.dev/wedding/Wedding_Cards_Templates-1789111146357-neub5ze.jpg",,"Sarah & Robert wedding invitation with a floral arrangement and elegant black band. Reception to follow at The Lakeside Pavilion on Sunday, May 25, 2025, at 5 PM.",,"true","2026-09-11 07:19:44.834009+00"
"de5b9055-df74-4398-aedc-4accf05fb284","188 - Our Lady's Grace Cover","funeral","[]","{""style"":[""Religious""],""colour"":[""Natural""],""religion"":[""Catholic""]}","188","https://pub-172d7d176e1b4109938fad7b98c20ca7.r2.dev/funeral/188-Our%20Lady's%20Grace%20Cover.jpg",,"A gentle religious cover centred on our lady's grace, created for a service where faith and remembrance sit naturally together.",,"true","2026-09-04 10:58:28.130343+00"
"de70688f-e442-4338-8733-98f168a7efa0","127 - Lily of the Valley Cover","funeral","[]","{""style"":[""Floral""],""colour"":[""Natural""]}","127","https://pub-172d7d176e1b4109938fad7b98c20ca7.r2.dev/funeral/127-Lily%20of%20the%20Valley%20Cover.jpg",,"A quietly beautiful floral design built around lily of the valley, with a soft, respectful feel for an Order of Service.",,"true","2026-09-04 10:58:10.650673+00"
"defc34e4-d4b6-4698-af3f-59f70ddf98b0","187 - Sacred Heart of Jesus Cover","funeral","[]","{""style"":[""Religious""],""colour"":[""Natural""],""religion"":[""Catholic""]}","187","https://pub-172d7d176e1b4109938fad7b98c20ca7.r2.dev/funeral/187-Sacred%20Heart%20of%20Jesus%20Cover.jpg",,"A gentle religious cover centred on sacred heart of jesus, created for a service where faith and remembrance sit naturally together.",,"true","2026-09-04 10:58:27.821777+00"
"e08e00a6-0555-4754-be37-531d0cc849f4","170 - Fiery Sunset Cover","funeral","[]","{""style"":[""Landscape""],""colour"":[""Natural""]}","170","https://pub-172d7d176e1b4109938fad7b98c20ca7.r2.dev/funeral/170-Fiery%20Sunset%20Cover.jpg",,"A calm design inspired by fiery sunset, bringing a familiar place or view into the service as part of the remembrance.",,"true","2026-09-04 10:58:22.910644+00"
"e287a34f-5a68-4db9-bb9f-1f332db01b3c","135 - Ivory Rose Tribute Cover","funeral","[]","{""style"":[""Floral""],""colour"":[""Cream""]}","135","https://pub-172d7d176e1b4109938fad7b98c20ca7.r2.dev/funeral/135-Ivory%20Rose%20Tribute%20Cover.jpg",,"A quietly beautiful floral design built around ivory rose tribute, with a soft, respectful feel for an Order of Service.",,"true","2026-09-04 10:58:12.939329+00"
"e334bf49-5577-4067-9140-3875ee0c6f56","179 - Our Lady of Guadalupe Cover","funeral","[]","{""style"":[""Religious""],""colour"":[""Natural""],""religion"":[""Catholic""]}","179","https://pub-172d7d176e1b4109938fad7b98c20ca7.r2.dev/funeral/179-Our%20Lady%20of%20Guadalupe%20Cover.jpg",,"A gentle religious cover centred on our lady of guadalupe, created for a service where faith and remembrance sit naturally together.",,"true","2026-09-04 10:58:25.512618+00"
"e7da92ba-17d8-417b-a687-4bdc323241c4","191 - Heaven's Gate Cover","funeral","[]","{""style"":[""Religious""],""colour"":[""Natural""],""religion"":[""Christian""]}","191","https://pub-172d7d176e1b4109938fad7b98c20ca7.r2.dev/funeral/191-Heaven's%20Gate%20Cover.jpg",,"A gentle religious cover centred on heaven's gate, created for a service where faith and remembrance sit naturally together.",,"true","2026-09-04 10:58:28.964216+00"
"e82b8004-9470-4c64-88d0-3b5557810738","165 - Canal Boats Cover","funeral","[]","{""style"":[""Landscape""],""colour"":[""Natural""]}","165","https://pub-172d7d176e1b4109938fad7b98c20ca7.r2.dev/funeral/165-Canal%20Boats%20Cover.jpg",,"A personal cover inspired by canal boats, suited to remembering the interests and everyday moments that made their life distinctive.",,"true","2026-09-04 10:58:21.477167+00"
"e9f97ceb-bd3b-4299-8a32-f17cc00d7730","194 - Om Shanti & Cross Blessing Cover","funeral","[]","{""style"":[""Religious""],""colour"":[""Natural""],""religion"":[""Hindu""]}","194","https://pub-172d7d176e1b4109938fad7b98c20ca7.r2.dev/funeral/194-Om%20Shanti%20%26%20Cross%20Blessing%20Cover.jpg",,"A gentle religious cover centred on om shanti & cross blessing, created for a service where faith and remembrance sit naturally together.",,"true","2026-09-04 10:58:29.822831+00"
"ebe6181f-e9d3-4938-871b-3e374aaaaed2","174 - Poppy Sunrise Cover","funeral","[]","{""style"":[""Floral""],""colour"":[""Burgundy""]}","174","https://pub-172d7d176e1b4109938fad7b98c20ca7.r2.dev/funeral/174-Poppy%20Sunrise%20Cover.jpg",,"A quietly beautiful floral design built around poppy sunrise, with a soft, respectful feel for an Order of Service.",,"true","2026-09-04 10:58:24.023912+00"
"ef0a7bb0-7ea0-4c46-aea1-f818cbf5531c","184 - Sunflower Memory Cover","funeral","[]","{""style"":[""Floral""],""colour"":[""Natural""]}","184","https://pub-172d7d176e1b4109938fad7b98c20ca7.r2.dev/funeral/184-Sunflower%20Memory%20Cover.jpg",,"A quietly beautiful floral design built around sunflower memory, with a soft, respectful feel for an Order of Service.",,"true","2026-09-04 10:58:26.973725+00"
"f2429914-895e-45c8-bce6-5c1396d7dfe0","012 - Rainbow Sky & Countryside Memorial","funeral","[]","{""style"":[""Landscape""],""colour"":[""Blue""],""children"":[""Children""]}","012","https://pub-172d7d176e1b4109938fad7b98c20ca7.r2.dev/funeral/Children_s_Cover_Templates12-1788852135922-aees6kc.jpg",,"A peaceful children’s memorial cover for Isla Grace Williams featuring her square photograph against a bright blue sky with a rainbow, white clouds, and a green countryside field. The design has a calm, natural atmosphere.",,"true","2026-09-08 07:22:25.594615+00"
"f2dc99f3-947d-4ae3-b630-3a8b98f4ba2f","016 - Classic Cross Memorial","funeral","[]","{""style"":[""Classic""],""colour"":[""Natural""],""children"":[""Children""]}","016","https://pub-172d7d176e1b4109938fad7b98c20ca7.r2.dev/funeral/Children_s_Cover_Templates16-1788852360407-22wbyv4.jpg",,"A simple and dignified children’s memorial cover for Theo William Bennett featuring a large black cross at the top, “In Loving Memory of” wording, the child’s name and dates, and a small ornamental divider above the service details.",,"true","2026-09-08 07:26:07.165101+00"
"f66ba035-e1a8-43f8-a6a3-3c91e9fee0e0","145 - Formula One Racing Cover","funeral","[]","{""style"":[""Hobby""],""colour"":[""Natural""]}","145","https://pub-172d7d176e1b4109938fad7b98c20ca7.r2.dev/funeral/145-Formula%20One%20Racing%20Cover.jpg",,"A personal cover inspired by formula one racing, suited to remembering the interests and everyday moments that made their life distinctive.",,"true","2026-09-04 10:58:15.776802+00"
"f7c4b6a9-f522-4784-9d9b-4797295f9d77","156 - Royal Navy Tribute Cover","funeral","[]","{""style"":[""Traditional""],""colour"":[""Natural""]}","156","https://pub-172d7d176e1b4109938fad7b98c20ca7.r2.dev/funeral/156-Royal%20Navy%20Tribute%20Cover.jpg",,"A traditional design for royal navy tribute, keeping the cover thoughtful, clear and personal.",,"true","2026-09-04 10:58:18.913698+00"
"fb8d688c-80e9-4012-9c61-5e1a1609bcbd","147 - Adventure & Hiking Cover","funeral","[]","{""style"":[""Hobby""],""colour"":[""Natural""]}","147","https://pub-172d7d176e1b4109938fad7b98c20ca7.r2.dev/funeral/147-Adventure%20%26%20Hiking%20Cover.jpg",,"A personal cover inspired by adventure & hiking, suited to remembering the interests and everyday moments that made their life distinctive.",,"true","2026-09-04 10:58:16.392519+00"
"fc861466-b332-439b-89a4-76f16ad2f9a7","133 - Butterfly Blessing Cover","funeral","[]","{""colour"":[""Natural""],""religion"":[""Christian""]}","133","https://pub-172d7d176e1b4109938fad7b98c20ca7.r2.dev/funeral/133-Butterfly%20Blessing%20Cover.jpg",,"A gentle religious cover centred on butterfly blessing, created for a service where faith and remembrance sit naturally together.",,"true","2026-09-04 10:58:12.381961+00"
"fcacf554-e9a3-498b-9129-f54da2ca2967","126 - Iris Bloom Cover","funeral","[]","{""style"":[""Floral""],""colour"":[""Purple""]}","126","https://pub-172d7d176e1b4109938fad7b98c20ca7.r2.dev/funeral/126-Iris%20Bloom%20Cover.jpg",,"A quietly beautiful floral design built around iris bloom, with a soft, respectful feel for an Order of Service.",,"true","2026-09-04 10:58:10.368559+00"